Category,Treatment,Price,Currency,Price Type
Combo Offers,Debs Special,100.00,EUR,Fixed
Combo Offers,EXCLUSIVE PACKAGE 1,99.00,EUR,Fixed
Combo Offers,EXCLUSIVE PACKAGE 2,99.00,EUR,Fixed
Combo Offers,EXCLUSIVE PACKAGE 3,99.00,EUR,Fixed
Combo Offers,Gel Polish Hands & Toes,55.00,EUR,Fixed
Combo Offers,Glam Package,99.00,EUR,From
Combo Offers,Glamour Special,99.00,EUR,Fixed
Combo Offers,Hybrid Eye Trio,40.00,EUR,Fixed
Combo Offers,Lash Lift & Brow Lamination Combo,80.00,EUR,Fixed
Combo Offers,Lash Lift & Hybrid Brows,80.00,EUR,Fixed
Combo Offers,Lashlift & Brow Lamination,85.00,EUR,Fixed
Combo Offers,Lux Package,105.00,EUR,Fixed
Combo Offers,Weekend Package,60.00,EUR,Fixed
Combo Offers,Lashlift & Hybrid Brows,70.00,EUR,Fixed
Eyebrows,Brow Lamination,45.00,EUR,From
Eyebrows,Brow Lamination with Hybrid Tint,50.00,EUR,From
Eyebrows,Brow Wax & Tint,20.00,EUR,Fixed
Eyebrows,Eye Trio with Hybrid tint,40.00,EUR,Fixed
Eyebrows,Eyebrow Wax,15.00,EUR,Fixed
Eyebrows,HD Brows,35.00,EUR,Fixed
Eyebrows,Hybrid Tint,20.00,EUR,Fixed
Eyebrows,Hybrid Tint & Thread,35.00,EUR,Fixed
Eyebrows,Hybrid Tint & Wax,35.00,EUR,Fixed
Eyebrows,Brow Thread,15.00,EUR,Fixed
Eyebrows,Brow Thread & Tint,20.00,EUR,Fixed
Eyebrows,Brow Tint,10.00,EUR,Fixed
Eyebrows,Eye Trio,25.00,EUR,Fixed
Eyebrows,Lamination Maintenance,20.00,EUR,Fixed
Eyebrows,Lash Lift & Brow Lamination Combo with Hybrid Tint,85.00,EUR,Fixed
Eyelashes,Classic Extensions,55.00,EUR,From
Eyelashes,Classic Extensions Refills,50.00,EUR,From
Eyelashes,Hybrid Extension Refills,60.00,EUR,Fixed
Eyelashes,Hybrid Extensions,65.00,EUR,Fixed
Eyelashes,Lash Extension add on Colour,5.00,EUR,Fixed
Eyelashes,Lash Extensions Removal,15.00,EUR,Fixed
Eyelashes,Lash Lift,48.00,EUR,Fixed
Eyelashes,Lash Lift inc. Tint,52.00,EUR,Fixed
Eyelashes,Lash Removal,15.00,EUR,Fixed
Eyelashes,Lash Tint,15.00,EUR,Fixed
Eyelashes,Volume Lashes,70.00,EUR,Fixed
Eyelashes,Volume Lashes Refills,60.00,EUR,Fixed
Eyelashes,YY Fan Refills,60.00,EUR,Fixed
Eyelashes,YY Fans,60.00,EUR,Fixed
Nails,Acrylic / Acrylic Refill,50.00,EUR,Fixed
Nails,Acrylic Ombré/French,57.50,EUR,Fixed
Nails,Acrylic Removal,25.00,EUR,Fixed
Nails,Acrylic Toe Nail Reconstruction,10.00,EUR,Fixed
Nails,Add on Nail Art Tier 1,5.00,EUR,Fixed
Nails,Add on Nail Art Tier 2,7.50,EUR,Fixed
Nails,Add on Nail Art Tier 3,12.50,EUR,Fixed
Nails,BIAB / BIAB Refill,45.00,EUR,From
Nails,BIAB incl. Extension,47.50,EUR,From
Nails,BIAB Removal,18.00,EUR,Fixed
Nails,Chrome Add On,2.00,EUR,Fixed
Nails,Dry manicure,10.00,EUR,Fixed
Nails,E-File Course,180.00,EUR,Fixed
Nails,File & Paint,20.00,EUR,Fixed
Nails,Gel Extensions / Gel Refill,55.00,EUR,Fixed
Nails,Gel Polish,32.00,EUR,From
Nails,Gel Polish Removal,15.00,EUR,Fixed
Nails,Gel Polish Removal & Reapplied,40.00,EUR,Fixed
Nails,Kids File & Paint,12.00,EUR,Fixed
Nails,Manicure No Polish,20.00,EUR,Fixed
Nails,Manicure with file & Paint,25.00,EUR,Fixed
Nails,Manicure with Gel Polish,45.00,EUR,Fixed
Nails,Nail Fix,5.00,EUR,Fixed
Nails,Polygel incl. Extension,47.50,EUR,Fixed
Nails,Polygel Overlays,42.50,EUR,From
PATCH TEST,PATCH TEST,0.00,EUR,Fixed
Tan,Bellamianta,25.00,EUR,Fixed
Tan,Bronze Express,20.00,EUR,Fixed
Tan,Cocktail,20.00,EUR,Fixed
Tan,Elite,20.00,EUR,Fixed
Tan,Tanning Thursday,15.00,EUR,Fixed
Tan,Vita Librata,25.00,EUR,Fixed
Threading,Brow Threading,15.00,EUR,Fixed
Threading,Chin Thread,10.00,EUR,Fixed
Threading,Eye Thread Trio,25.00,EUR,Fixed
Threading,Side of Face,15.00,EUR,Fixed
Threading,Upper Lip Thread,10.00,EUR,Fixed
Toes / Pedicures,Add On French,5.00,EUR,Fixed
Toes / Pedicures,File & Paint Toes,18.00,EUR,Fixed
Toes / Pedicures,Gel Polish Removal & Reapply Toes,40.00,EUR,Fixed
Toes / Pedicures,Gel Polish Toes,28.00,EUR,Fixed
Toes / Pedicures,Lyco Pedi incl. Callus Removal,65.00,EUR,Fixed
Toes / Pedicures,Mini Pedicure,35.00,EUR,Fixed
Toes / Pedicures,Mini pedicure with Gel Polish,42.50,EUR,Fixed
Toes / Pedicures,Pedicure with File and paint,45.00,EUR,Fixed
Toes / Pedicures,Pedicure with Gel Polish,50.00,EUR,Fixed
Waxing,Back Wax,40.00,EUR,Fixed
Waxing,Brow Wax,15.00,EUR,Fixed
Waxing,Californian Bikini,30.00,EUR,Fixed
Waxing,Chest,20.00,EUR,Fixed
Waxing,Chest & Abdomen,35.00,EUR,Fixed
Waxing,Chin Wax,10.00,EUR,Fixed
Waxing,Forearms,17.00,EUR,Fixed
Waxing,Full Arms,25.00,EUR,Fixed
Waxing,Full Leg,40.00,EUR,Fixed
Waxing,Full Leg & Bikini Line,50.00,EUR,Fixed
Waxing,Full Leg & Hollywood,65.00,EUR,Fixed
Waxing,Full Leg and Californian,55.00,EUR,Fixed
Waxing,Half Leg,25.00,EUR,Fixed
Waxing,Hollywood,45.00,EUR,Fixed
Waxing,Nasel,15.00,EUR,Fixed
Waxing,Sides of Face,14.00,EUR,Fixed
Waxing,Standard Bikini Line,18.00,EUR,Fixed
Waxing,Thighs,26.00,EUR,Fixed
Waxing,Underarms,17.00,EUR,Fixed
Waxing,Upper Lip Wax,10.00,EUR,Fixed
Training Academy,23rd FEB Classic Lash Extension Course,250.00,EUR,Fixed
Training Academy,Pro Pess Soft Gel Tips,275.00,EUR,Fixed
